City_ID,City,Lat,Lng,Max Temp,Humidity,Cloudiness,Wind Speed,Country,Date
0,Nikolskoye,59.7035,30.7861,28.29,97,59,2.86,RU,2022-04-02 00:46:57
1,Provideniya,64.3833,-173.3,27.97,79,100,11.05,RU,2022-04-02 00:43:35
2,Prince Rupert,54.3161,-130.3201,42.89,81,100,5.75,CA,2022-04-02 00:46:58
3,Punta Arenas,-53.15,-70.9167,39.31,81,0,5.75,CL,2022-04-02 00:46:58
4,New Norfolk,-42.7826,147.0587,58.91,60,100,4.0,AU,2022-04-02 00:43:50
5,Mabaruma,8.2,-59.7833,70.93,88,100,3.6,GY,2022-04-02 00:46:59
6,Mataura,-46.1927,168.8643,62.29,54,6,6.78,NZ,2022-04-02 00:46:59
7,Port Alfred,-33.5906,26.891,62.19,97,100,8.14,ZA,2022-04-02 00:43:38
8,Shillong,25.5689,91.8831,61.14,84,7,2.37,IN,2022-04-02 00:47:00
9,Butaritari,3.0707,172.7902,82.26,72,12,21.59,KI,2022-04-02 00:47:00
10,Barrow,71.2906,-156.7887,-2.18,65,0,18.41,US,2022-04-02 00:47:01
11,Bengkulu,-3.8004,102.2655,79.72,73,19,2.57,ID,2022-04-02 00:47:01
12,Puerto Ayora,-0.7393,-90.3518,78.55,96,26,1.01,EC,2022-04-02 00:47:01
13,Cidreira,-30.1811,-50.2056,63.03,68,8,4.43,BR,2022-04-02 00:47:02
14,Busselton,-33.65,115.3333,76.53,60,59,9.46,AU,2022-04-02 00:47:02
15,Pevek,69.7008,170.3133,-5.91,87,100,1.21,RU,2022-04-02 00:45:19
16,Nalut,30.3333,10.85,61.18,24,93,8.72,LY,2022-04-02 00:47:03
17,Nouadhibou,20.931,-17.0347,64.38,77,0,14.97,MR,2022-04-02 00:47:04
18,Olds,51.7834,-114.102,45.84,31,100,12.66,CA,2022-04-02 00:45:22
19,Bolshaya Martynovka,47.271,41.6679,58.33,56,100,7.27,RU,2022-04-02 00:47:04
20,Yellowknife,62.456,-114.3525,1.29,50,20,0.0,CA,2022-04-02 00:47:05
21,Salalah,17.0151,54.0924,75.29,41,0,5.75,OM,2022-04-02 00:47:05
22,Xining,36.6167,101.7667,35.24,55,0,3.31,CN,2022-04-02 00:47:06
23,Los Llanos De Aridane,28.6585,-17.9182,59.13,83,100,8.05,ES,2022-04-02 00:47:06
24,Iqaluit,63.7506,-68.5145,24.53,100,100,2.3,CA,2022-04-02 00:47:06
25,Kodiak,57.79,-152.4072,38.71,87,100,12.66,US,2022-04-02 00:47:07
26,Camargo,27.6667,-105.1667,80.24,5,48,5.57,MX,2022-04-02 00:47:08
27,Xai-Xai,-25.0519,33.6442,72.05,79,0,6.8,MZ,2022-04-02 00:47:08
28,Upernavik,72.7868,-56.1549,7.07,98,100,9.42,GL,2022-04-02 00:47:08
29,Wang Saphung,17.301,101.7685,71.62,78,75,2.3,TH,2022-04-02 00:47:09
30,Caravelas,-17.7125,-39.2481,76.73,82,0,5.17,BR,2022-04-02 00:47:09
31,Saint-Philippe,-21.3585,55.7679,72.99,97,100,15.64,RE,2022-04-02 00:47:10
32,Tigil,57.8,158.6667,21.81,91,100,11.32,RU,2022-04-02 00:47:10
33,Mar Del Plata,-38.0023,-57.5575,62.87,82,0,20.0,AR,2022-04-02 00:47:11
34,Plastun,44.7561,136.2939,43.7,41,44,8.05,RU,2022-04-02 00:47:11
35,Qaanaaq,77.484,-69.3632,14.95,95,100,1.99,GL,2022-04-02 00:47:12
36,Longyearbyen,78.2186,15.6401,-4.16,65,20,10.36,SJ,2022-04-02 00:47:10
37,Buin,-33.7333,-70.75,71.87,29,0,2.06,CL,2022-04-02 00:47:12
38,Anloga,5.7947,0.8973,82.27,82,100,16.22,GH,2022-04-02 00:47:13
39,Bredasdorp,-34.5322,20.0403,63.84,66,98,12.35,ZA,2022-04-02 00:47:13
40,Rikitea,-23.1203,-134.9692,75.6,61,11,11.05,PF,2022-04-02 00:47:14
41,Shenjiamen,29.9576,122.298,51.03,60,100,12.24,CN,2022-04-02 00:47:14
42,Margate,51.3813,1.3862,39.69,70,57,7.0,GB,2022-04-02 00:47:14
43,Atuona,-9.8,-139.0333,79.03,74,56,6.08,PF,2022-04-02 00:47:15
44,Ushuaia,-54.8,-68.3,40.66,75,20,6.91,AR,2022-04-02 00:43:43
45,Hermanus,-34.4187,19.2345,61.81,73,92,14.88,ZA,2022-04-02 00:47:15
46,Mana,5.6592,-53.7767,76.77,92,100,10.65,GF,2022-04-02 00:47:16
47,Massaguet,12.4755,15.4365,83.12,9,19,9.98,TD,2022-04-02 00:48:16
48,San Andres,12.5847,-81.7006,82.42,74,40,11.5,CO,2022-04-02 00:44:13
49,Pedernales,18.0384,-71.744,79.02,73,4,10.47,DO,2022-04-02 00:48:17
50,Cayenne,4.9333,-52.3333,78.1,1,75,2.3,GF,2022-04-02 00:43:44
51,Bluff,-46.6,168.3333,58.95,73,90,17.69,NZ,2022-04-02 00:43:49
52,Udachnyy,66.4167,112.4,6.71,90,79,4.41,RU,2022-04-02 00:48:18
53,Lebu,-37.6167,-73.65,55.98,93,3,14.65,CL,2022-04-02 00:48:11
54,Kapaa,22.0752,-159.319,82.38,89,100,17.27,US,2022-04-02 00:47:29
55,Piranhas,-16.4269,-51.8222,71.37,91,25,4.9,BR,2022-04-02 00:48:19
56,Tabuk,17.4189,121.4443,78.91,74,76,5.39,PH,2022-04-02 00:48:19
57,Santa Rosalia,27.3167,-112.2833,70.57,42,0,3.76,MX,2022-04-02 00:45:17
58,Husavik,66.0449,-17.3389,34.84,85,100,8.57,IS,2022-04-02 00:48:20
59,Cape Town,-33.9258,18.4232,64.27,67,0,19.57,ZA,2022-04-02 00:44:46
60,Tuktoyaktuk,69.4541,-133.0374,-13.0,70,0,5.75,CA,2022-04-02 00:48:21
61,Jamestown,42.097,-79.2353,32.02,65,100,13.8,US,2022-04-02 00:45:23
62,Airai,-8.9266,125.4092,71.46,49,8,2.13,TL,2022-04-02 00:48:22
63,Birin,26.8865,88.0718,61.09,86,59,4.41,NP,2022-04-02 00:48:22
64,Wilhelmsburg,48.1057,15.6054,37.36,79,100,2.71,AT,2022-04-02 00:48:23
65,Avarua,-21.2078,-159.775,84.25,74,75,6.91,CK,2022-04-02 00:45:06
66,Arraial Do Cabo,-22.9661,-42.0278,75.27,90,100,19.3,BR,2022-04-02 00:45:25
67,Vaini,-21.2,-175.2,84.36,79,75,4.61,TO,2022-04-02 00:47:21
68,Namie,37.4833,141.0,48.54,57,9,1.01,JP,2022-04-02 00:48:24
69,Bandarbeyla,9.4942,50.8122,77.43,82,0,7.18,SO,2022-04-02 00:48:24
70,Havelock,34.8791,-76.9013,67.95,52,0,8.05,US,2022-04-02 00:48:25
71,Ponta Do Sol,32.6667,-17.1,63.01,85,100,0.47,PT,2022-04-02 00:48:25
72,Kachiry,53.0675,76.1036,31.69,83,61,12.1,KZ,2022-04-02 00:48:26
73,Tailai,46.3833,123.4,45.28,25,0,5.75,CN,2022-04-02 00:48:26
74,Laguna,38.421,-121.4238,79.09,25,0,6.91,US,2022-04-02 00:48:26
75,Surgut,61.25,73.4167,6.98,84,0,7.0,RU,2022-04-02 00:48:27
76,Sioux Lookout,50.1001,-91.917,41.07,42,75,9.22,CA,2022-04-02 00:48:27
77,Kalmunai,7.4167,81.8167,77.85,83,32,7.67,LK,2022-04-02 00:48:28
78,Kaitangata,-46.2817,169.8464,63.32,53,0,9.35,NZ,2022-04-02 00:48:28
79,Itarema,-2.9248,-39.9167,75.79,88,97,5.84,BR,2022-04-02 00:48:28
80,Bandar,2.05,99.75,75.61,92,100,1.7,ID,2022-04-02 00:48:29
81,Comodoro Rivadavia,-45.8667,-67.5,71.46,21,0,13.8,AR,2022-04-02 00:45:01
82,Aswan,24.0934,32.907,79.9,18,0,5.75,EG,2022-04-02 00:48:29
83,Muros,42.7762,-9.0603,38.84,84,10,9.64,ES,2022-04-02 00:48:30
84,Sitka,57.0531,-135.33,42.69,70,100,12.66,US,2022-04-02 00:48:30
85,Albany,42.6001,-73.9662,38.35,67,100,3.0,US,2022-04-02 00:43:55
86,Saint Anthony,45.0205,-93.218,42.42,69,100,12.66,US,2022-04-02 00:48:31
87,Turukhansk,65.8167,87.9833,10.33,95,100,9.31,RU,2022-04-02 00:48:28
88,Raahe,64.6833,24.4833,15.89,91,87,12.39,FI,2022-04-02 00:48:31
89,Mahebourg,-20.4081,57.7,76.24,94,75,23.02,MU,2022-04-02 00:48:32
90,Fare,-16.7,-151.0167,81.86,69,100,1.36,PF,2022-04-02 00:49:32
91,Alofi,-19.0595,-169.9187,85.89,70,68,11.5,NU,2022-04-02 00:46:41
92,Ornskoldsvik,63.2909,18.7153,22.15,86,22,8.05,SE,2022-04-02 00:49:33
93,Hualmay,-11.0964,-77.6139,69.31,84,96,9.33,PE,2022-04-02 00:49:33
94,Sunrise Manor,36.2111,-115.0731,82.81,16,0,6.91,US,2022-04-02 00:49:34
95,Hede,33.7681,120.2517,49.42,39,9,2.66,CN,2022-04-02 00:49:34
96,Okhotsk,59.3833,143.3,16.84,65,25,17.56,RU,2022-04-02 00:49:35
97,Phichit,16.25,100.4167,80.8,52,83,3.91,TH,2022-04-02 00:49:35
98,Narsaq,60.9167,-46.05,50.22,66,99,7.07,GL,2022-04-02 00:49:36
99,Aracuai,-16.8497,-42.0703,71.29,66,0,2.98,BR,2022-04-02 00:49:36
100,Dagda,56.0951,27.5372,26.76,80,100,9.69,LV,2022-04-02 00:49:37
101,Chicama,-7.8447,-79.1469,64.94,73,100,4.88,PE,2022-04-02 00:49:37
102,Hilo,19.7297,-155.09,76.73,87,100,9.22,US,2022-04-02 00:49:38
103,Hobart,-42.8794,147.3294,59.27,85,75,14.97,AU,2022-04-02 00:45:20
104,Ceres,37.5949,-120.9577,78.57,31,0,9.22,US,2022-04-02 00:49:38
105,Yar-Sale,66.8333,70.8333,4.82,92,35,11.41,RU,2022-04-02 00:49:38
106,Torbay,47.6666,-52.7314,34.29,95,100,34.52,CA,2022-04-02 00:49:39
107,Hithadhoo,-0.6,73.0833,82.8,71,3,8.43,MV,2022-04-02 00:49:39
108,Sao Filipe,14.8961,-24.4956,70.48,82,9,6.46,CV,2022-04-02 00:49:40
109,Port Hedland,-20.3167,118.5667,87.85,66,6,9.22,AU,2022-04-02 00:49:40
110,Saint George,37.1041,-113.5841,77.25,20,0,5.99,US,2022-04-02 00:49:41
111,Starozhilovo,54.2254,39.916,33.04,100,100,13.24,RU,2022-04-02 00:49:41
112,Lensk,60.7253,114.9278,21.79,82,100,12.55,RU,2022-04-02 00:49:41
113,Te Anau,-45.4167,167.7167,66.92,46,2,0.31,NZ,2022-04-02 00:49:42
114,Khatanga,71.9667,102.5,0.9,94,100,4.45,RU,2022-04-02 00:49:42
115,Barabinsk,55.3571,78.357,33.89,97,100,12.64,RU,2022-04-02 00:49:43
116,Cooma,-36.2333,149.1333,49.77,100,100,21.85,AU,2022-04-02 00:49:43
117,Victoria,22.2855,114.1577,61.25,80,100,11.01,HK,2022-04-02 00:49:10
118,Huarmey,-10.0681,-78.1522,70.57,82,62,10.02,PE,2022-04-02 00:49:44
119,Sechura,-5.5569,-80.8222,72.32,73,59,15.99,PE,2022-04-02 00:49:44
120,Khasan,42.4308,130.6434,43.34,43,91,4.99,RU,2022-04-02 00:49:45
121,Amahai,-3.3333,128.9167,82.85,75,7,2.91,ID,2022-04-02 00:49:45
122,Belaya Gora,68.5333,146.4167,0.07,88,66,1.39,RU,2022-04-02 00:49:45
123,Georgetown,5.4112,100.3354,82.33,93,20,3.44,MY,2022-04-02 00:45:11
124,Avera,33.194,-82.5271,63.91,47,0,7.25,US,2022-04-02 00:49:46
125,Atambua,-9.1061,124.8925,80.33,62,66,0.54,ID,2022-04-02 00:49:46
126,Saskylakh,71.9167,114.0833,5.34,95,99,7.45,RU,2022-04-02 00:49:47
127,Rio Branco,-9.9747,-67.81,63.21,100,75,3.44,BR,2022-04-02 00:49:47
128,Berlevag,70.8578,29.0864,21.0,74,100,15.35,NO,2022-04-02 00:49:47
129,Sao Joao Da Barra,-21.6403,-41.0511,75.76,88,5,3.38,BR,2022-04-02 00:48:04
130,Dikson,73.5069,80.5464,2.82,95,100,6.49,RU,2022-04-02 00:49:32
131,Wum,6.3833,10.0667,70.59,66,70,4.59,CM,2022-04-02 00:50:48
132,Port Augusta,-32.5,137.7667,69.22,36,37,7.38,AU,2022-04-02 00:50:49
133,Herat,34.5,62.0,53.22,30,0,9.33,AF,2022-04-02 00:50:49
134,Calvinia,-31.4707,19.776,57.31,67,6,5.39,ZA,2022-04-02 00:50:49
135,Marsa Matruh,31.3525,27.2453,64.6,72,0,12.66,EG,2022-04-02 00:50:50
136,Chokurdakh,70.6333,147.9167,-4.58,86,53,3.24,RU,2022-04-02 00:49:33
137,Paicandu,-23.4575,-52.0486,63.27,100,100,8.05,BR,2022-04-02 00:50:50
138,Nha Trang,12.25,109.1833,80.6,79,97,4.74,VN,2022-04-02 00:49:44
139,Ahipara,-35.1667,173.1667,73.9,61,99,1.72,NZ,2022-04-02 00:50:51
140,Chuy,-33.6971,-53.4616,54.93,73,0,6.06,UY,2022-04-02 00:49:29
141,Samarai,-10.6167,150.6667,82.18,73,100,13.09,PG,2022-04-02 00:50:52
142,Zhuanghe,39.7008,122.9911,47.16,30,66,6.15,CN,2022-04-02 00:50:52
143,Opunake,-39.4556,173.8583,71.85,77,100,9.48,NZ,2022-04-02 00:50:52
144,Gillette,44.2911,-105.5022,42.12,44,100,14.97,US,2022-04-02 00:47:24
145,Poum,-20.2333,164.0167,81.75,80,100,9.78,NC,2022-04-02 00:50:53
146,Severo-Kurilsk,50.6789,156.125,28.13,70,95,28.59,RU,2022-04-02 00:50:54
147,Tuatapere,-46.1333,167.6833,60.8,59,1,5.44,NZ,2022-04-02 00:46:43
148,Misratah,32.3754,15.0925,63.52,54,0,2.13,LY,2022-04-02 00:50:54
149,Derzhavinsk,51.1,66.3167,24.8,87,93,9.33,KZ,2022-04-02 00:50:54
150,Crotone,39.0851,17.1178,55.18,67,0,20.83,IT,2022-04-02 00:50:55
151,Sept-Iles,50.2001,-66.3821,32.52,96,100,4.61,CA,2022-04-02 00:50:55
152,Ajdabiya,30.7554,20.2263,64.63,37,100,8.81,LY,2022-04-02 00:50:56
153,Krasnoselkup,65.7,82.4667,9.28,97,100,7.63,RU,2022-04-02 00:50:56
154,Omboue,-1.5746,9.2618,74.44,93,100,5.57,GA,2022-04-02 00:50:56
155,Nongan,44.382,125.1685,43.21,28,0,6.06,CN,2022-04-02 00:50:57
156,Mehamn,71.0357,27.8492,25.57,79,100,7.34,NO,2022-04-02 00:50:57
157,Zinder,13.8072,8.9881,77.63,6,5,8.5,NE,2022-04-02 00:50:58
158,Monrovia,6.3005,-10.7969,79.32,86,100,6.17,LR,2022-04-02 00:50:58
159,Corinto,37.9407,22.9573,54.63,75,0,8.12,GR,2022-04-02 00:50:58
160,Los Palmitos,9.379,-75.2677,77.74,85,97,7.25,CO,2022-04-02 00:50:59
161,Hay River,60.8156,-115.7999,-4.02,65,75,3.44,CA,2022-04-02 00:50:59
162,Souillac,-20.5167,57.5167,75.58,94,75,23.02,MU,2022-04-02 00:51:00
163,Tiksi,71.6872,128.8694,14.11,90,78,6.08,RU,2022-04-02 00:51:00
164,Takoradi,4.8845,-1.7554,76.69,86,100,6.2,GH,2022-04-02 00:47:37
165,Jambi,-1.6,103.6167,78.55,86,82,1.48,ID,2022-04-02 00:51:01
166,Atar,20.5169,-13.0499,75.42,16,0,5.75,MR,2022-04-02 00:46:36
167,Carnarvon,-24.8667,113.6333,77.07,94,40,9.22,AU,2022-04-02 00:51:01
168,Cockburn Town,21.4612,-71.1419,76.96,69,40,11.5,TC,2022-04-02 00:51:02
169,Chimbote,-9.0853,-78.5783,69.33,83,75,7.72,PE,2022-04-02 00:51:02
170,Ilulissat,69.2167,-51.1,19.18,79,2,6.96,GL,2022-04-02 00:51:03
171,East London,-33.0153,27.9116,65.12,93,100,7.54,ZA,2022-04-02 00:48:19
172,San Miguel,13.4833,-88.1833,81.68,66,6,3.49,SV,2022-04-02 00:51:03
173,Tasiilaq,65.6145,-37.6368,30.56,91,100,7.81,GL,2022-04-02 00:51:04
174,Aklavik,68.2191,-135.0107,-2.85,83,99,7.7,CA,2022-04-02 00:51:04
175,Dedovichi,57.5517,29.9502,24.44,91,100,7.05,RU,2022-04-02 00:51:05
176,Zyryanka,65.75,150.85,3.63,85,89,7.7,RU,2022-04-02 00:51:05
177,Hofn,64.2539,-15.2082,39.54,78,100,4.61,IS,2022-04-02 00:52:06
178,Sriperumbudur,12.9689,79.9489,82.08,92,4,5.75,IN,2022-04-02 00:52:06
179,Iquique,-20.2208,-70.1431,64.99,75,32,1.97,CL,2022-04-02 00:51:36
180,Jalu,29.0331,21.5482,69.17,24,100,10.78,LY,2022-04-02 00:48:00
181,Artyom,40.4723,50.333,51.94,77,84,14.18,AZ,2022-04-02 00:52:07
182,Sakhipur,24.3,90.1833,77.23,88,38,7.4,BD,2022-04-02 00:52:07
183,Marsaxlokk,35.8419,14.5431,58.08,75,62,16.93,MT,2022-04-02 00:52:08
184,Knysna,-34.0363,23.0471,61.54,72,86,3.22,ZA,2022-04-02 00:52:08
185,Nhlangano,-27.1167,31.2,63.01,90,92,2.3,SZ,2022-04-02 00:52:09
186,Roma,43.2128,-75.4557,35.74,69,100,19.57,US,2022-04-02 00:52:10
187,Batemans Bay,-35.7167,150.1833,61.11,82,100,15.55,AU,2022-04-02 00:52:10
188,Carnot,4.9409,15.8665,69.66,93,100,0.54,CF,2022-04-02 00:52:10
189,Tilichiki,60.4667,166.1,18.86,80,100,12.24,RU,2022-04-02 00:52:11
190,Tessalit,20.1986,1.0114,84.76,11,100,6.71,ML,2022-04-02 00:52:11
191,Pisco,-13.7,-76.2167,68.05,73,0,16.11,PE,2022-04-02 00:52:12
192,Ribeira Grande,38.5167,-28.7,56.98,75,16,18.54,PT,2022-04-02 00:52:12
193,Port Elizabeth,-33.918,25.5701,62.89,78,75,13.8,ZA,2022-04-02 00:52:13
194,Saint-Joseph,-21.3667,55.6167,71.98,93,100,16.55,RE,2022-04-02 00:52:13
195,Namibe,-15.1961,12.1522,70.68,84,92,2.8,AO,2022-04-02 00:52:14
196,Lazaro Cardenas,17.9583,-102.2,75.04,70,100,6.24,MX,2022-04-02 00:52:14
197,Benavente,42.0025,-5.6783,31.42,62,0,11.65,ES,2022-04-02 00:52:15
198,Cherskiy,68.75,161.3,-10.17,85,100,2.73,RU,2022-04-02 00:52:15
199,Pangkalanbuun,-2.6833,111.6167,82.9,71,100,2.26,ID,2022-04-02 00:52:16
200,Galle,6.0367,80.217,78.44,80,8,1.9,LK,2022-04-02 00:52:16
201,Eha Amufu,6.6592,7.7596,78.53,73,100,6.6,NG,2022-04-02 00:52:16
202,Meulaboh,4.1363,96.1285,78.67,84,100,3.0,ID,2022-04-02 00:52:17
203,Mushie,-3.0167,16.9,71.55,94,100,2.82,CD,2022-04-02 00:52:17
204,Boa Vista,2.8197,-60.6733,85.98,51,0,12.66,BR,2022-04-02 00:52:18
205,Natal,-5.795,-35.2094,80.82,83,20,5.75,BR,2022-04-02 00:51:53
206,Alamosa,37.4695,-105.87,48.06,22,1,20.98,US,2022-04-02 00:52:18
207,Leningradskiy,69.3833,178.4167,3.25,88,100,8.75,RU,2022-04-02 00:52:19
208,Rockhampton,-23.3833,150.5,82.29,57,40,9.22,AU,2022-04-02 00:49:58
209,Treinta Y Tres,-33.2333,-54.3833,53.02,83,52,8.23,UY,2022-04-02 00:52:20
210,Acapulco,16.8634,-99.8901,76.59,67,16,6.44,MX,2022-04-02 00:52:20
211,Priargunsk,50.3691,119.1012,41.88,47,94,14.12,RU,2022-04-02 00:52:20
212,Sola,-13.8833,167.55,81.27,78,100,4.61,VU,2022-04-02 00:52:21
213,Manicore,-5.8092,-61.3003,73.94,98,100,2.15,BR,2022-04-02 00:52:21
214,Alice Springs,-23.7,133.8833,69.35,32,60,10.36,AU,2022-04-02 00:52:22
215,Dubai,25.2582,55.3047,70.05,83,0,6.91,AE,2022-04-02 00:50:19
216,Altamura,40.8292,16.5537,47.97,79,96,15.99,IT,2022-04-02 00:52:22
217,Antalaha,-14.9003,50.2788,73.0,92,99,6.44,MG,2022-04-02 00:52:23
218,Olafsvik,64.8945,-23.7142,41.68,90,100,9.71,IS,2022-04-02 00:52:23
219,Chokwe,-24.5333,32.9833,73.09,68,0,3.04,MZ,2022-04-02 00:52:24
220,Singaraja,-8.112,115.0882,82.09,74,65,1.61,ID,2022-04-02 00:52:24
221,Fortuna,40.5982,-124.1573,55.85,74,20,18.41,US,2022-04-02 00:52:25
222,Maldonado,-34.6667,-54.9167,54.79,86,0,5.37,UY,2022-04-02 00:48:51
223,Helmstedt,52.2279,11.0099,34.56,69,100,13.6,DE,2022-04-02 00:53:25
224,Qaqortoq,60.7167,-46.0333,34.2,75,98,5.32,GL,2022-04-02 00:53:26
225,Kemi,65.8596,24.8228,10.17,92,0,3.44,FI,2022-04-02 00:53:26
226,Castro,-24.7911,-50.0119,54.64,98,100,5.55,BR,2022-04-02 00:53:26
227,Marsh Harbour,26.5412,-77.0636,76.68,86,100,10.98,BS,2022-04-02 00:53:27
228,Ballina,-28.8667,153.5667,75.38,64,40,9.22,AU,2022-04-02 00:53:27
229,Saldanha,-33.0117,17.9442,57.25,81,0,22.03,ZA,2022-04-02 00:53:28
230,Saint-Augustin,51.226,-58.6502,31.21,98,100,22.82,CA,2022-04-02 00:53:28
231,San Pedro,14.35,121.0167,85.32,68,75,6.91,PH,2022-04-02 00:53:29
232,Birjand,32.8663,59.2211,43.27,31,0,6.91,IR,2022-04-02 00:53:29
233,Otradnoye,59.7775,30.8181,28.45,97,58,2.91,RU,2022-04-02 00:53:29
234,Josanicka Banja,43.3895,20.7503,47.5,92,100,5.3,RS,2022-04-02 00:53:30
235,Manokwari,-0.8667,134.0833,82.27,78,100,8.19,ID,2022-04-02 00:52:41
236,Belmonte,-15.8631,-38.8828,77.65,81,7,6.02,BR,2022-04-02 00:53:30
237,Gizo,-8.103,156.8419,80.19,83,100,11.88,SB,2022-04-02 00:53:31
238,Bambous Virieux,-20.3428,57.7575,76.21,94,75,23.02,MU,2022-04-02 00:53:31
239,Esperance,-33.8667,121.9,66.04,57,11,14.14,AU,2022-04-02 00:51:28
240,Rurrenabaque,-14.4413,-67.5278,61.39,62,100,1.45,BO,2022-04-02 00:53:32
241,Tombouctou,20.0,-3.0,81.27,12,100,5.79,ML,2022-04-02 00:53:32
242,San Patricio,28.017,-97.5169,74.53,75,6,12.64,US,2022-04-02 00:51:17
243,Nampa,43.5407,-116.5635,59.18,28,0,4.61,US,2022-04-02 00:53:33
244,Havoysund,70.9963,24.6622,30.43,74,100,5.06,NO,2022-04-02 00:53:33
245,Sao Geraldo Do Araguaia,-6.4006,-48.555,73.47,96,100,1.28,BR,2022-04-02 00:53:34
246,Vila Velha,-20.3297,-40.2925,80.55,90,40,0.0,BR,2022-04-02 00:53:34
247,Moron,-34.6534,-58.6198,62.35,69,56,6.78,AR,2022-04-02 00:53:34
248,Quelimane,-17.8786,36.8883,76.95,94,40,0.0,MZ,2022-04-02 00:53:35
249,Kerema,-7.9631,145.7785,82.53,67,100,2.17,PG,2022-04-02 00:53:35
250,Zyryanovsk,49.7386,84.2719,27.36,95,100,1.36,KZ,2022-04-02 00:53:36
251,Clyde River,70.4692,-68.5914,10.63,92,100,6.91,CA,2022-04-02 00:53:36
252,Half Moon Bay,37.4636,-122.4286,73.42,71,20,26.46,US,2022-04-02 00:53:36
253,Iisalmi,63.5592,27.1907,7.88,99,85,1.86,FI,2022-04-02 00:53:37
254,Bathsheba,13.2167,-59.5167,77.61,78,40,17.27,BB,2022-04-02 00:53:37
255,Shingu,33.7333,135.9833,50.68,47,100,4.38,JP,2022-04-02 00:53:38
256,Kamaishi,39.2667,141.8833,41.67,43,3,3.96,JP,2022-04-02 00:53:38
257,Birao,10.2849,22.7882,78.04,17,88,5.3,CF,2022-04-02 00:53:38
258,Narasimharajapura,13.6167,75.5167,69.75,94,12,1.7,IN,2022-04-02 00:53:39
259,Faanui,-16.4833,-151.75,82.2,68,100,1.16,PF,2022-04-02 00:49:22
260,Mwinilunga,-11.7358,24.4293,59.88,97,6,3.0,ZM,2022-04-02 00:53:39
261,Nortelandia,-14.4547,-56.8028,63.14,89,99,3.67,BR,2022-04-02 00:53:40
262,Miraflores,19.2167,-98.8083,78.87,27,98,5.53,MX,2022-04-02 00:53:40
263,Fukuma,33.7667,130.4667,57.29,49,100,7.85,JP,2022-04-02 00:53:41
264,Nakhon Phanom,17.3333,104.4167,62.4,68,100,12.71,TH,2022-04-02 00:53:41
265,Allapalli,19.4167,80.0667,79.27,59,11,4.79,IN,2022-04-02 00:53:41
266,Tautira,-17.7333,-149.15,81.79,75,76,9.48,PF,2022-04-02 00:53:42
267,Vardo,70.3705,31.1107,27.37,71,100,21.41,NO,2022-04-02 00:53:42
268,Elat,29.5581,34.9482,69.64,21,0,6.91,IL,2022-04-02 00:53:43
269,Loreto,22.2667,-101.9667,73.13,9,0,11.97,MX,2022-04-02 00:53:43
270,Morrope,-6.5417,-80.0111,71.71,73,82,14.88,PE,2022-04-02 00:53:44
271,Saint-Pierre,-21.3393,55.4781,73.08,94,75,10.36,RE,2022-04-02 00:54:44
272,Bani,18.2833,-70.3333,79.86,81,8,9.66,DO,2022-04-02 00:54:44
273,Arlit,18.7369,7.3853,82.17,4,100,7.31,NE,2022-04-02 00:54:45
274,Kavieng,-2.5744,150.7967,76.55,92,100,8.41,PG,2022-04-02 00:54:45
275,Port Blair,11.6667,92.75,78.84,89,20,2.3,IN,2022-04-02 00:54:46
276,Acarau,-2.8856,-40.12,76.26,87,100,6.91,BR,2022-04-02 00:54:46
277,Thompson,55.7435,-97.8558,21.36,79,100,11.5,CA,2022-04-02 00:54:46
278,Damoh,23.8333,79.45,78.94,16,0,0.27,IN,2022-04-02 00:54:47
279,Sar-E Pul,35.8333,66.1667,47.8,50,0,1.19,AF,2022-04-02 00:54:47
280,Vestmannaeyjar,63.4427,-20.2734,43.5,77,100,4.68,IS,2022-04-02 00:54:48
281,Baculin,7.4525,126.5842,83.41,72,71,9.62,PH,2022-04-02 00:54:48
282,Wuda,39.4994,106.7117,41.76,33,0,10.92,CN,2022-04-02 00:54:48
283,Katsuura,35.1333,140.3,48.69,57,100,10.83,JP,2022-04-02 00:54:49
284,Wana,32.2989,69.5725,61.66,18,0,7.58,PK,2022-04-02 00:54:49
285,Siguiri,11.6667,-9.5,92.84,16,100,1.95,GN,2022-04-02 00:54:50
286,Codrington,-38.2667,141.9667,64.09,58,100,13.13,AU,2022-04-02 00:54:50
287,Kishi,9.0833,3.85,79.93,55,100,9.53,NG,2022-04-02 00:54:51
288,Port Keats,-14.25,129.55,88.74,49,6,4.03,AU,2022-04-02 00:54:51
289,Prudentopolis,-25.2131,-50.9778,54.28,99,100,4.21,BR,2022-04-02 00:54:52
290,Hattiesburg,31.3271,-89.2903,64.89,61,0,3.44,US,2022-04-02 00:54:52
291,San Cristobal,7.7669,-72.225,73.58,67,95,2.48,VE,2022-04-02 00:54:52
292,Ankazoabo,-22.2833,44.5167,71.85,68,48,3.38,MG,2022-04-02 00:54:53
293,Eregli,37.5133,34.0467,55.63,35,100,5.37,TR,2022-04-02 00:54:53
294,Puerto Carreno,6.189,-67.4859,88.86,46,100,4.47,CO,2022-04-02 00:54:54
295,Paamiut,61.994,-49.6678,34.79,77,100,6.31,GL,2022-04-02 00:50:52
296,Harper,4.375,-7.7169,79.66,87,100,8.52,LR,2022-04-02 00:54:54
297,Benin,9.5,2.25,81.97,53,100,6.46,BJ,2022-04-02 00:54:54
298,Liverpool,53.4106,-2.9779,38.08,79,100,3.87,GB,2022-04-02 00:53:56
299,Daru,-9.0763,143.2092,82.74,72,100,3.38,PG,2022-04-02 00:54:55
300,Tura,25.5198,90.2201,70.48,89,80,3.69,IN,2022-04-02 00:54:55
301,Providencia,28.7167,-111.5833,80.2,42,0,10.94,MX,2022-04-02 00:54:56
302,Constitucion,-35.3333,-72.4167,56.07,87,2,13.71,CL,2022-04-02 00:52:30
303,Havre-Saint-Pierre,50.2334,-63.5986,32.36,93,100,21.85,CA,2022-04-02 00:54:56
304,Arroio Grande,-32.2375,-53.0869,53.82,78,0,3.78,BR,2022-04-02 00:54:57
305,Nishihara,26.1842,127.7558,65.48,83,100,14.97,JP,2022-04-02 00:54:57
306,Magadan,59.5667,150.8,22.53,60,100,5.14,RU,2022-04-02 00:54:58
307,Porto-Vecchio,41.591,9.2795,46.06,61,75,28.77,FR,2022-04-02 00:53:08
308,Oksfjord,70.2396,22.3479,26.67,79,100,9.06,NO,2022-04-02 00:54:58
309,Geraldton,-28.7667,114.6,79.21,65,75,10.36,AU,2022-04-02 00:54:59
310,Karratha,-20.7377,116.8463,84.65,68,83,5.23,AU,2022-04-02 00:54:59
311,Norman Wells,65.282,-126.8329,-2.16,46,0,3.44,CA,2022-04-02 00:54:59
312,Tornio,65.8481,24.1466,10.42,93,100,7.74,FI,2022-04-02 00:55:00
313,Monroe,43.1501,-77.6831,36.05,71,100,18.41,US,2022-04-02 00:51:47
314,Riyadh,24.6877,46.7219,71.74,17,0,6.82,SA,2022-04-02 00:55:00
315,Las Palmas,28.4204,-14.0131,61.59,63,100,10.36,ES,2022-04-02 00:54:17
316,Isangel,-19.55,169.2667,84.31,84,39,5.75,VU,2022-04-02 00:55:01
317,Kassala,15.451,36.4,79.29,44,0,6.87,SD,2022-04-02 00:56:01
318,Oktyabrskiy,54.4815,53.471,38.25,100,100,8.41,RU,2022-04-02 00:56:02
319,Batticaloa,7.7102,81.6924,77.58,83,13,7.05,LK,2022-04-02 00:56:02
320,Dudinka,69.4058,86.1778,6.62,95,100,8.25,RU,2022-04-02 00:56:03
321,Mazagao,-0.115,-51.2894,80.65,94,99,3.44,BR,2022-04-02 00:56:03
322,Valcau De Jos,47.1167,22.7333,45.21,92,90,5.48,RO,2022-04-02 00:56:04
323,Denpasar,-8.65,115.2167,82.06,83,40,4.61,ID,2022-04-02 00:51:12
324,Zhangye,38.9342,100.4517,46.83,19,0,3.27,CN,2022-04-02 00:56:04
325,Inhambane,-23.865,35.3833,76.44,76,32,6.87,MZ,2022-04-02 00:54:08
326,Kruisfontein,-34.0033,24.7314,59.88,87,5,6.49,ZA,2022-04-02 00:56:05
327,Palmares Do Sul,-30.2578,-50.5097,59.76,71,0,4.61,BR,2022-04-02 00:56:05
328,Axim,4.8699,-2.2405,77.92,85,100,3.6,GH,2022-04-02 00:56:06
329,Bosaso,11.2842,49.1816,79.75,69,0,3.65,SO,2022-04-02 00:56:06
330,Aykhal,66.0,111.5,4.03,93,77,8.14,RU,2022-04-02 00:56:07
331,La Palma,33.8464,-118.0467,74.71,63,0,12.66,US,2022-04-02 00:56:07
332,Arica,-18.475,-70.3042,67.55,82,5,2.3,CL,2022-04-02 00:54:46
333,Chara,56.9064,118.2631,27.3,76,100,3.91,RU,2022-04-02 00:56:08
334,Roald,62.5833,6.1333,37.76,93,100,12.66,NO,2022-04-02 00:56:08
335,Dunedin,-45.8742,170.5036,63.81,58,0,8.01,NZ,2022-04-02 00:55:31
336,Jizan,17.3333,42.6667,77.94,61,5,3.71,SA,2022-04-02 00:56:09
337,Djambala,-2.5447,14.7533,68.45,93,100,3.09,CG,2022-04-02 00:56:09
338,Tezu,27.9167,96.1667,69.85,81,100,2.57,IN,2022-04-02 00:55:40
339,Emerald,-23.5333,148.1667,81.34,65,40,9.22,AU,2022-04-02 00:54:36
340,Nizhniy Baskunchak,48.2198,46.8311,50.77,52,100,15.03,RU,2022-04-02 00:56:10
341,Pangnirtung,66.1451,-65.7125,23.11,84,100,4.03,CA,2022-04-02 00:53:50
342,Coahuayana,18.7333,-103.6833,72.01,75,100,3.6,MX,2022-04-02 00:53:53
343,Henties Bay,-22.116,14.2845,60.39,89,13,6.93,NA,2022-04-02 00:56:11
344,Vila Franca Do Campo,37.7167,-25.4333,59.41,92,100,11.74,PT,2022-04-02 00:56:12
345,Ostrovnoy,68.0531,39.5131,10.35,95,85,10.74,RU,2022-04-02 00:55:50
346,Hami,42.8,93.45,51.84,19,1,5.21,CN,2022-04-02 00:56:12
347,Agadir,30.4202,-9.5982,57.65,78,99,5.39,MA,2022-04-02 00:56:13
348,Luyang,27.6239,110.0989,51.66,82,100,0.83,CN,2022-04-02 00:56:13
349,Povoa De Varzim,41.3834,-8.7636,46.15,65,0,9.22,PT,2022-04-02 00:56:14
350,Burns Lake,54.2331,-125.7533,42.22,63,76,12.12,CA,2022-04-02 00:55:04
351,Mount Isa,-20.7333,139.5,87.57,19,41,11.5,AU,2022-04-02 00:56:15
352,Contamana,-7.3333,-75.0167,66.45,99,100,4.79,PE,2022-04-02 00:56:15
353,Curup,-3.4667,102.5333,74.26,78,21,0.87,ID,2022-04-02 00:56:16
354,Lagoa,39.05,-27.9833,57.61,72,100,23.24,PT,2022-04-02 00:56:16
355,Asau,46.4333,26.4,51.96,79,100,4.7,RO,2022-04-02 00:56:16
356,Hasaki,35.7333,140.8333,50.29,53,100,11.34,JP,2022-04-02 00:56:17
357,Les Cayes,18.2,-73.75,76.3,81,3,5.37,HT,2022-04-02 00:56:18
358,Noumea,-22.2763,166.4572,87.78,99,100,11.01,NC,2022-04-02 00:56:18
359,Kargil,34.5667,76.1,19.83,65,0,3.38,IN,2022-04-02 00:56:18
360,Tatawin,32.9297,10.4518,60.31,35,100,5.08,TN,2022-04-02 00:56:19
361,Nanortalik,60.1432,-45.2371,34.32,89,99,3.29,GL,2022-04-02 00:57:19
362,Riberalta,-10.9833,-66.1,62.83,78,100,4.25,BO,2022-04-02 00:57:20
363,Rocha,-34.4833,-54.3333,50.11,84,0,3.49,UY,2022-04-02 00:57:20
364,Guerrero Negro,27.9769,-114.0611,62.65,64,0,14.94,MX,2022-04-02 00:57:21
365,Biak,-0.9131,122.8766,82.69,67,96,0.94,ID,2022-04-02 00:57:21
366,Bolobo,-2.1667,16.2333,71.22,97,100,2.93,CD,2022-04-02 00:57:22
367,Sobolevo,54.4299,31.8996,30.99,95,100,14.14,RU,2022-04-02 00:57:22
368,Marzuq,14.4,46.4667,65.75,33,0,2.28,YE,2022-04-02 00:57:22
369,Ducheng,23.2373,111.5317,55.0,88,100,3.65,CN,2022-04-02 00:57:23
370,Mount Gambier,-37.8333,140.7667,62.51,67,100,12.66,AU,2022-04-02 00:57:23
371,Mitsamiouli,-11.3847,43.2844,79.95,78,24,2.46,KM,2022-04-02 00:57:24
372,Peruibe,-24.32,-46.9983,69.19,94,100,9.24,BR,2022-04-02 00:57:24
373,Maridi,4.9158,29.4742,74.57,48,88,2.75,SS,2022-04-02 00:57:24
374,San Lorenzo,-25.3333,-57.5333,61.74,72,0,5.01,PY,2022-04-02 00:57:25
375,Ancud,-41.8697,-73.8203,52.32,93,47,4.25,CL,2022-04-02 00:57:25
376,Naryan-Mar,67.6713,53.087,7.66,91,54,9.66,RU,2022-04-02 00:57:26
377,Cortez,37.3489,-108.5859,54.03,30,5,8.57,US,2022-04-02 00:57:26
378,Riviere-Au-Renard,48.9957,-64.3971,34.09,99,100,10.49,CA,2022-04-02 00:57:27
379,Shushtar,32.0455,48.8567,71.82,21,1,2.64,IR,2022-04-02 00:57:27
380,Huilong,31.8111,121.655,51.93,58,100,6.42,CN,2022-04-02 00:57:27
381,Whitehorse,60.7161,-135.0538,32.09,73,75,8.05,CA,2022-04-02 00:57:28
382,San Carlos,9.6612,-68.5827,85.87,49,94,2.46,VE,2022-04-02 00:57:28
383,Luderitz,-26.6481,15.1594,59.72,74,0,18.14,NA,2022-04-02 00:57:29
384,Palmer,42.1584,-72.3287,41.67,60,38,5.01,US,2022-04-02 00:57:29
385,Matay,28.419,30.7792,70.74,13,99,2.39,EG,2022-04-02 00:57:30
386,Severnyy,50.677,36.5532,51.84,54,0,6.71,RU,2022-04-02 00:57:30
387,Mayo,38.8876,-76.5119,47.98,51,0,17.0,US,2022-04-02 00:57:30
388,Bulgan,48.8125,103.5347,38.61,24,23,3.24,MN,2022-04-02 00:57:31
389,Tanout,14.9709,8.8879,77.41,4,5,9.93,NE,2022-04-02 00:57:31
390,Pahrump,36.2083,-115.9839,79.52,14,0,1.99,US,2022-04-02 00:56:37
391,Sambava,-14.2667,50.1667,73.74,91,33,7.14,MG,2022-04-02 00:57:31
392,Erenhot,43.6475,111.9767,39.54,27,6,11.16,CN,2022-04-02 00:57:32
393,Furstenwalde,52.3667,14.0667,35.1,70,99,12.39,DE,2022-04-02 00:54:46
394,Nacogdoches,31.6002,-94.6335,57.76,69,1,5.75,US,2022-04-02 00:57:32
395,The Valley,18.217,-63.0578,78.66,75,5,21.56,AI,2022-04-02 00:57:33
396,Bonfim,3.0833,-59.95,81.82,57,100,8.14,BR,2022-04-02 00:57:33
397,Vao,-22.6667,167.4833,79.84,88,100,16.2,NC,2022-04-02 00:52:56
398,Carutapera,-1.195,-46.02,74.73,94,100,5.01,BR,2022-04-02 00:57:34
399,Bethel,41.3712,-73.414,43.75,64,13,14.0,US,2022-04-02 00:57:34
400,Lichinga,-13.3128,35.2406,64.49,94,40,10.36,MZ,2022-04-02 00:57:35
401,Goderich,43.7501,-81.7165,31.91,74,99,11.5,CA,2022-04-02 00:57:35
402,Nome,64.5011,-165.4064,25.16,63,3,5.14,US,2022-04-02 00:57:35
403,Coquimbo,-29.9533,-71.3436,60.57,85,6,3.09,CL,2022-04-02 00:53:16
404,Shuyskoye,59.3736,41.0305,13.95,95,25,4.59,RU,2022-04-02 00:57:36
405,Juneau,58.3019,-134.4197,40.21,97,100,3.8,US,2022-04-02 00:56:40
406,Port-Cartier,50.0334,-66.8654,32.22,99,100,3.89,CA,2022-04-02 00:57:37
407,Port Macquarie,-31.4333,152.9167,74.89,53,0,8.37,AU,2022-04-02 00:58:37
408,Gorontalo,0.5412,123.0595,86.59,64,6,0.81,ID,2022-04-02 00:58:38
409,Warrnambool,-38.3833,142.4833,63.81,65,100,12.68,AU,2022-04-02 00:58:38
410,Jati,24.3539,68.2671,76.3,54,0,9.1,PK,2022-04-02 00:58:38
411,Pochutla,15.7432,-96.4661,79.83,60,0,3.74,MX,2022-04-02 00:58:39
412,Bilibino,68.0546,166.4372,4.21,66,100,0.94,RU,2022-04-02 00:58:39
413,Amuntai,-2.4177,115.2494,79.57,84,98,0.36,ID,2022-04-02 00:58:40
414,Mecca,21.4267,39.8261,75.27,37,0,1.03,SA,2022-04-02 00:53:57
415,Beyneu,45.3167,55.2,52.63,50,33,7.99,KZ,2022-04-02 00:58:40
416,Tymovskoye,50.8456,142.655,27.82,59,100,10.38,RU,2022-04-02 00:55:45
417,Qabaqcol,41.72,46.2647,53.64,53,78,1.05,AZ,2022-04-02 00:58:41
418,Lompoc,34.6391,-120.4579,68.13,82,75,11.5,US,2022-04-02 00:58:41
419,Kautokeino,69.0125,23.0412,18.46,84,100,14.29,NO,2022-04-02 00:58:41
420,Grindavik,63.8424,-22.4338,41.47,100,75,9.22,IS,2022-04-02 00:58:42
421,Svetlogorsk,52.6333,29.7333,33.67,96,100,13.15,BY,2022-04-02 00:58:42
422,Manado,1.487,124.8455,86.77,74,20,3.44,ID,2022-04-02 00:58:43
423,Pervomayskoye,43.919,46.7102,46.96,79,100,6.11,RU,2022-04-02 00:58:43
424,Gazanjyk,39.2446,55.5154,60.57,38,0,10.29,TM,2022-04-02 00:58:43
425,Pacific Grove,36.6177,-121.9166,64.81,79,10,7.0,US,2022-04-02 00:58:44
426,Abeche,13.8292,20.8324,80.15,8,16,9.44,TD,2022-04-02 00:58:44
427,Kavaratti,10.5669,72.642,82.76,74,95,7.23,IN,2022-04-02 00:58:45
428,San Policarpo,12.1791,125.5072,80.98,80,60,15.84,PH,2022-04-02 00:58:45
429,Kloulklubed,7.0419,134.2556,82.33,78,72,11.36,PW,2022-04-02 00:58:45
430,Shakawe,-18.3667,21.85,71.96,64,100,3.98,BW,2022-04-02 00:58:46
431,Am Timan,11.0297,20.2827,84.04,13,8,6.15,TD,2022-04-02 00:58:46
432,Mahon,39.8885,4.2658,41.56,70,20,5.75,ES,2022-04-02 00:58:47
433,Ulety,51.3572,112.4849,37.02,49,100,5.39,RU,2022-04-02 00:58:47
434,Domodossola,46.1165,8.2931,43.56,84,100,7.07,IT,2022-04-02 00:58:48
435,Plettenberg Bay,-34.0527,23.3716,60.44,77,68,1.23,ZA,2022-04-02 00:57:52
436,Lamu,-2.2717,40.902,80.82,85,8,8.16,KE,2022-04-02 00:54:19
437,Clovis,36.8252,-119.7029,76.84,44,0,1.99,US,2022-04-02 00:55:45
438,Korla,41.7597,86.1469,49.23,37,0,3.13,CN,2022-04-02 00:55:18
439,Buraydah,26.326,43.975,70.25,14,24,7.99,SA,2022-04-02 00:58:49
440,Usinsk,65.9939,57.5281,2.71,97,83,9.08,RU,2022-04-02 00:58:49
441,Luganville,-15.5333,167.1667,78.44,90,100,11.43,VU,2022-04-02 00:58:49
442,Pechora,65.1472,57.2244,2.34,99,77,4.59,RU,2022-04-02 00:58:50
443,Labuhan,-6.8844,112.2051,80.24,76,100,4.76,ID,2022-04-02 00:58:50
444,Jeremie,18.65,-74.1167,77.95,76,10,1.63,HT,2022-04-02 00:58:51
445,Kimbe,-5.5502,150.1429,78.98,81,100,2.13,PG,2022-04-02 00:58:51
446,Sabha,27.0377,14.4283,73.27,14,100,6.87,LY,2022-04-02 00:58:51
447,Talara,-4.5772,-81.2719,72.46,84,65,13.31,PE,2022-04-02 00:54:21
448,Ukiah,39.1502,-123.2078,73.29,47,0,9.22,US,2022-04-02 00:54:59
449,Celestun,20.8667,-90.4,79.72,82,83,11.88,MX,2022-04-02 00:58:52
450,Tual,-5.6667,132.75,82.29,71,65,6.93,ID,2022-04-02 00:58:53
451,Bac Lieu,9.285,105.7244,83.48,71,100,12.62,VN,2022-04-02 00:58:53
452,Raiwala,30.0167,78.2167,68.52,23,0,5.91,IN,2022-04-02 00:58:53
453,Fuxin,42.0156,121.6589,47.68,21,0,5.17,CN,2022-04-02 00:58:54
454,Vidim,56.4088,103.1106,33.51,96,100,6.35,RU,2022-04-02 00:59:54
455,Tarata,-17.6167,-66.0167,62.02,74,95,6.6,BO,2022-04-02 00:59:54
456,Mala Tokmachka,47.5356,35.8929,50.34,69,1,15.61,UA,2022-04-02 00:59:55
457,North Platte,41.1239,-100.7654,44.11,66,6,13.0,US,2022-04-02 00:59:55
458,Pangoa,-12.1167,-73.0,58.71,100,100,0.76,PE,2022-04-02 00:59:56
459,Komsomolskiy,40.4272,71.7189,52.52,58,100,2.3,UZ,2022-04-02 00:59:56
460,Amudat,1.95,34.95,69.85,61,24,6.38,UG,2022-04-02 00:59:56
461,Maine-Soroa,13.2114,12.0241,80.92,6,78,9.75,NE,2022-04-02 00:59:57
462,Erzurum,40.0,41.5,22.68,75,0,4.83,TR,2022-04-02 00:59:57
463,Acevedo,1.8361,-75.855,64.35,98,99,2.1,CO,2022-04-02 00:56:22
464,Northam,51.0333,-4.2167,41.61,64,97,7.07,GB,2022-04-02 00:59:58
465,Alta Floresta,-9.8756,-56.0861,70.41,99,87,4.25,BR,2022-04-02 00:59:58
466,Petropavlovsk-Kamchatskiy,53.0452,158.6483,28.99,43,75,15.66,RU,2022-04-02 00:59:59
467,Kollam,8.8833,76.6,79.09,81,78,0.56,IN,2022-04-02 00:59:59
468,Kirakira,-10.4544,161.9205,84.38,66,100,5.59,SB,2022-04-02 00:59:59
469,Gravelbourg,49.8834,-106.5512,44.87,45,45,13.2,CA,2022-04-02 01:00:00
470,Ayagoz,47.9714,80.4392,30.29,73,100,4.03,KZ,2022-04-02 00:58:45
471,Chililabombwe,-12.3648,27.8229,59.63,98,12,3.91,ZM,2022-04-02 01:00:00
472,Vostok,46.4856,135.8833,30.45,74,13,9.98,RU,2022-04-02 01:00:01
473,Lorengau,-2.0226,147.2712,77.76,91,100,7.65,PG,2022-04-02 01:00:02
474,Midland,31.9974,-102.0779,82.45,26,0,16.11,US,2022-04-02 00:55:56
475,Aksum,14.1245,38.7244,60.33,29,3,12.12,ET,2022-04-02 01:00:04
476,Topeka,39.0483,-95.678,56.89,53,100,1.99,US,2022-04-02 00:57:06
477,Potsdam,52.3989,13.0657,35.11,72,100,8.99,DE,2022-04-02 01:00:07
478,Yeniseysk,58.4497,92.1703,24.58,96,100,8.12,RU,2022-04-02 01:00:09
479,Gabu,12.2833,-14.2167,75.88,60,0,7.81,GW,2022-04-02 01:00:11
480,Puerto Suarez,-18.95,-57.8,61.07,63,39,2.93,BO,2022-04-02 01:00:11
481,Anadyr,64.75,177.4833,23.5,79,0,4.47,RU,2022-04-02 00:55:32
482,Paso De Los Toros,-32.8167,-56.5167,54.3,65,0,5.21,UY,2022-04-02 01:00:13
483,Trzic,46.3636,14.3105,42.15,81,100,9.22,SI,2022-04-02 01:00:13
484,Lebork,54.5392,17.7501,35.15,60,100,12.55,PL,2022-04-02 01:00:14
485,Praya,14.9215,-23.5087,69.57,82,5,12.17,CV,2022-04-02 01:00:15
486,Buy,58.4786,41.53,16.57,90,84,7.14,RU,2022-04-02 01:00:15
487,Saint-Leu,-21.15,55.2833,74.23,81,100,8.9,RE,2022-04-02 01:00:16
488,Camana,-16.6228,-72.7111,69.08,78,22,4.76,PE,2022-04-02 01:00:17
489,Kahului,20.8947,-156.47,76.84,80,59,14.0,US,2022-04-02 00:55:20
490,Koulikoro,14.0,-7.75,83.32,9,100,10.6,ML,2022-04-02 01:00:17
491,Dobrusevo,41.1686,21.4825,45.48,84,50,4.45,MK,2022-04-02 01:00:18
492,Graham,47.0529,-122.2943,51.66,63,75,5.75,US,2022-04-02 00:58:55
493,Westerland,54.9079,8.3033,32.02,74,88,11.5,DE,2022-04-02 01:00:19
494,Sterling,39.0062,-77.4286,46.54,57,0,16.11,US,2022-04-02 00:55:47
495,Seoul,37.5683,126.9778,47.64,63,0,2.3,KR,2022-04-02 01:00:00
496,Araouane,18.9048,-3.5265,81.32,12,100,7.09,ML,2022-04-02 01:00:20
497,Deqing,30.5448,119.9599,54.95,65,100,1.41,CN,2022-04-02 01:00:20
498,Uray,60.1247,64.7758,3.69,98,60,4.25,RU,2022-04-02 01:00:21
499,Shelburne,44.0787,-80.2041,27.9,86,85,14.07,CA,2022-04-02 01:00:00
500,Nanakuli,21.3906,-158.1547,79.7,70,9,18.01,US,2022-04-02 01:00:23
501,Pamanukan,-6.2842,107.8106,80.92,78,89,2.48,ID,2022-04-02 01:00:23
502,Ibirataia,-14.0669,-39.6406,69.82,99,26,0.45,BR,2022-04-02 01:00:24
503,Pyay,18.8167,95.2167,81.12,55,5,4.12,MM,2022-04-02 01:01:24
504,Belluno,46.145,12.2214,41.31,92,100,1.99,IT,2022-04-02 01:01:25
505,Vangaindrano,-23.35,47.6,68.86,92,2,3.65,MG,2022-04-02 01:01:25
506,Hokitika,-42.7167,170.9667,65.23,72,100,5.17,NZ,2022-04-02 01:01:26
507,Nsanje,-16.92,35.262,71.01,99,31,1.92,MW,2022-04-02 01:01:26
508,Baykit,61.67,96.37,10.35,96,100,0.89,RU,2022-04-02 00:57:36
509,Mount Pleasant,32.7941,-79.8626,66.2,64,0,5.75,US,2022-04-02 01:01:27
510,Urumqi,43.801,87.6005,41.95,53,0,6.71,CN,2022-04-02 00:58:02
511,Nantucket,41.2835,-70.0995,48.31,78,100,29.3,US,2022-04-02 01:01:27
512,Innisfail,-17.5333,146.0333,82.87,65,90,4.97,AU,2022-04-02 01:00:22
513,Serro,-18.6047,-43.3794,64.06,92,40,1.16,BR,2022-04-02 01:01:28
514,Plainview,40.7765,-73.4673,46.49,57,0,17.27,US,2022-04-02 01:01:28
515,Melfi,40.9965,15.6514,46.49,80,100,17.38,IT,2022-04-02 01:01:28
516,Kawalu,-7.3817,108.2082,76.59,87,89,1.32,ID,2022-04-02 01:01:29
517,Kindu,-2.95,25.95,70.0,98,100,1.72,CD,2022-04-02 01:01:29
518,Traralgon,-38.1833,146.5333,60.71,90,100,7.58,AU,2022-04-02 01:01:30
519,Port-Gentil,-0.7193,8.7815,75.63,92,100,4.74,GA,2022-04-02 01:01:30
520,Trairi,-3.2778,-39.2689,77.04,84,100,3.69,BR,2022-04-02 01:01:31
521,Severo-Yeniseyskiy,60.3725,93.0408,15.22,91,100,1.72,RU,2022-04-02 01:01:31
522,Hlotse,-28.8718,28.045,57.9,70,92,3.18,LS,2022-04-02 01:01:31
523,Alyangula,-13.8483,136.4192,83.66,64,44,7.87,AU,2022-04-02 01:01:32
524,Lavrentiya,65.5833,-171.0,15.19,71,51,14.36,RU,2022-04-02 01:01:32
525,Daniel Flores,9.3355,-83.6694,73.15,88,97,1.86,CR,2022-04-02 01:01:33
526,Senanga,-16.1167,23.2667,65.7,82,61,4.9,ZM,2022-04-02 01:01:33
527,Port Hardy,50.6996,-127.4199,44.78,87,75,10.36,CA,2022-04-02 01:01:34
528,Ninghai,29.2892,121.4247,50.23,69,100,7.18,CN,2022-04-02 01:01:34
529,Taiyuan,37.8694,112.5603,46.26,14,0,13.42,CN,2022-04-02 01:01:34
530,Barguzin,53.6167,109.6167,35.83,84,96,7.2,RU,2022-04-02 01:01:35
531,Hamilton,39.1834,-84.5333,41.04,65,14,3.18,US,2022-04-02 01:01:35
532,Brae,60.3964,-1.353,36.9,64,6,4.16,GB,2022-04-02 01:01:36
533,Grudziadz,53.4841,18.7537,33.76,56,100,14.38,PL,2022-04-02 01:01:36
534,Warmbad,-28.45,18.7333,66.49,30,0,2.68,NA,2022-04-02 01:01:36
535,San Quintin,30.4833,-115.95,61.5,67,14,8.61,MX,2022-04-02 01:01:37
536,Brownsville,25.9018,-97.4975,76.08,74,100,10.36,US,2022-04-02 01:00:02
537,Tahta,26.7693,31.5021,73.15,9,11,2.57,EG,2022-04-02 01:01:37
538,Barcelos,41.5388,-8.6151,45.84,71,0,7.38,PT,2022-04-02 01:01:38
539,Bubaque,11.2833,-15.8333,74.73,73,7,17.43,GW,2022-04-02 01:00:22
540,Lata,40.1629,-8.3327,45.91,62,0,4.94,PT,2022-04-02 01:01:38
541,Bundaberg,-24.85,152.35,82.22,63,0,4.0,AU,2022-04-02 01:01:39
542,Panaba,21.2833,-88.2667,84.15,58,30,15.66,MX,2022-04-02 01:01:39
543,Bronnoysund,65.4625,12.1997,32.0,100,75,14.0,NO,2022-04-02 01:01:40
544,Berea,41.3662,-81.8543,37.22,70,68,5.01,US,2022-04-02 01:01:40
545,Leninskoye,41.7589,69.3864,51.67,46,83,4.25,KZ,2022-04-02 01:01:40
546,Samoylovka,51.184,43.7081,55.11,75,100,18.66,RU,2022-04-02 01:01:41
547,Bonthe,7.5264,-12.505,78.75,89,100,6.78,SL,2022-04-02 01:01:41
548,Crisan,44.9667,29.4667,53.01,82,98,13.0,RO,2022-04-02 01:01:42
549,Qasigiannguit,68.8193,-51.1922,28.65,85,37,4.68,GL,2022-04-02 01:01:42
550,Rosarito,32.3333,-117.0333,67.24,71,3,7.25,MX,2022-04-02 01:02:42
551,Krutinka,56.0055,71.5113,22.3,97,100,6.8,RU,2022-04-02 01:02:43
552,Richards Bay,-28.783,32.0377,71.4,91,100,5.17,ZA,2022-04-02 01:02:43
553,Flin Flon,54.7682,-101.865,27.01,91,100,10.74,CA,2022-04-02 01:02:44
554,Ramsar,36.9226,50.6426,61.7,60,73,4.03,IR,2022-04-02 01:02:44
555,Grand-Santi,4.25,-54.3833,73.11,99,100,2.21,GF,2022-04-02 01:02:44
556,Khandyga,62.6667,135.6,12.9,85,35,4.29,RU,2022-04-02 01:02:45
557,Kachug,53.9606,105.8817,32.2,81,50,1.81,RU,2022-04-02 01:02:45
558,Taunggyi,20.7833,97.0333,69.84,37,8,2.95,MM,2022-04-02 01:02:46
559,Ormara,25.2088,64.6357,76.93,64,0,1.92,PK,2022-04-02 01:02:46
560,Uddevalla,58.3478,11.9424,28.22,88,1,2.13,SE,2022-04-02 01:02:47
561,Awbari,26.5921,12.7805,71.24,17,100,7.2,LY,2022-04-02 01:02:47
562,Rehoboth,-23.3167,17.0833,68.52,46,4,6.2,NA,2022-04-02 01:01:40
563,Cabo San Lucas,22.8909,-109.9124,77.18,68,0,10.42,MX,2022-04-02 01:00:10
564,Shache,38.4167,77.2406,46.71,41,92,6.2,CN,2022-04-02 01:02:48
565,Mbandaka,0.0487,18.2603,71.94,97,100,2.64,CD,2022-04-02 01:02:48
566,High Level,58.5169,-117.136,20.03,91,100,5.77,CA,2022-04-02 01:02:48
567,Collipulli,-37.95,-72.4333,53.92,79,0,5.5,CL,2022-04-02 01:02:49
568,Santa Rosa,14.3122,121.1114,86.09,68,99,16.31,PH,2022-04-02 01:02:20
569,Rock Sound,24.9,-76.2,76.87,87,45,9.8,BS,2022-04-02 00:59:56
570,Ambilobe,-13.2,49.05,72.03,95,95,2.55,MG,2022-04-02 01:02:49
571,Dhidhdhoo,6.8833,73.1,82.8,71,17,6.42,MV,2022-04-02 01:02:50
572,Savonlinna,61.8699,28.88,5.05,85,0,0.0,FI,2022-04-02 01:02:50
573,Sakakah,29.9697,40.2064,67.05,16,100,8.34,SA,2022-04-02 01:02:51
574,Ust-Ilimsk,58.0006,102.6619,26.2,89,100,1.74,RU,2022-04-02 01:02:51
575,Almaznyy,48.0448,40.045,55.33,59,100,9.89,RU,2022-04-02 01:02:51
576,Binzhou,37.3667,118.0167,52.23,37,95,3.11,CN,2022-04-02 01:02:52
577,Kutum,14.2,24.6667,71.42,12,5,7.58,SD,2022-04-02 01:02:52
